Name,PostalCode,Locality,RegionalKey,Borough,Suburb
"""Hörsaal""",23570,Lübeck,01003000,Travemünde,Priwall
"A1, A2, U",32278,Kirchlengern,05758020,,
"B7, B515 Westtangente",58706,Menden (Sauerland),05962040,,
"Lehrpfad Freilichtmuseum ""Zeitsprung""",03149,Wiesengrund,12071414,Gosda,
"Lehrpfad für Geologie, Landschaft und Rohstoffabbau / Bodenentdeckungspfad ""Mensch trifft Boden""",93051,Regensburg,09362000,,
"Traumpfade, Waldschluchtenweg",56203,Vallendar,07137226,,
"ehem. Schacht Grillo 3 ""Kiwitt""",59192,Bergkamen,05978004,,
"ehem. Zeche ""Am Schwaben""",44141,Dortmund,05913000,Innenstadt Ost,
"ehemaliger Wanderweg, jetzt privat",06868,Coswig (Anhalt),15091060,Bräsen,
"geplante Grün, Spielfläche",19055,Schwerin,13004000,,
"unbekannt, evtl Erlenweg",94116,Hutthurm,09275128,,
"Übergang ""Gerk-sin-Spoor""",26465,Langeoog,03462007,,
"Übergang ""Hauptbad""",26465,Langeoog,03462007,,
"Übergang ""Hundestrand""",26465,Langeoog,03462007,,
"Übergang ""Katholische Kirche""",26465,Langeoog,03462007,,
"Übergang ""Seekrug""",26465,Langeoog,03462007,,
"Übergang ""Warmbadweg""",26465,Langeoog,03462007,,
"Übergang ""Westerpad""",26465,Langeoog,03462007,,
(Linker) Kälbertalweg,75323,Bad Wildbad,08235079,,
(Volks-)Festplatz,85664,Hohenlinden,09175123,,
(Wolfenweiler) Hohfirstweg,79227,Schallstadt,08315098,,
1. Bauabschnitt Freizeit- und Sportpark Wurmaue,52525,Heinsberg,05370016,,
1/A1,17419,Heringsdorf,13075049,Ahlbeck,
107 - 116,06184,Kabelsketal,15088150,Großkugel,
117 - 121,06184,Kabelsketal,15088150,Großkugel,
2/R,17424,Heringsdorf,13075049,Heringsdorf,
24 Stunden 2009,78183,Hüfingen,08326027,Behla,
24 Stunden 2013,78183,Hüfingen,08326027,Behla,
27 FKK,18347,Dierhagen,13073017,,
29 - 38,06184,Kabelsketal,15088150,Großkugel,
2N,17424,Heringsdorf,13075049,Heringsdorf,
67 - 76,06184,Kabelsketal,15088150,Großkugel,
6G,17459,Koserow,13075066,,
72 Stunden Park,55270,Klein-Winternheim,07339032,,
72-Stunden-Barfußpark,77966,Kappel-Grafenhausen,08317152,,
72-Stunden-Platz,67125,Dannstadt-Schauernheim,07338006,,
77 - 86,06184,Kabelsketal,15088150,Großkugel,
7B,17459,Zempin,13075148,,
87 - 96,06184,Kabelsketal,15088150,Großkugel,
97 - 106,06184,Kabelsketal,15088150,Großkugel,
98-Stufen-Weg,96465,Neustadt bei Coburg,09473151,,
A,19273,Amt Neuhaus,03355049,,
A,22880,Wedel,01056050,,
A,23775,Großenbrode,01055017,,
A2,42349,Wuppertal,05124000,Cronenberg,Gemarkung Cronenberg
A2,51570,Windeck,05382076,,
A2,53359,Rheinbach,05382048,,
A2,59955,Winterberg,05958048,,
Adlersteige,73479,Neuler,08136046,,
Adolf-Vetter-Weg,76530,Sinzheim,08216049,,
Ahornstr.,83101,Stephanskirchen,09187177,,
Ahrensfelder Weg,16356,Panketal,12060181,Schwanebeck,
Alfred-Wegener-Str.,27580,Bremen,04011000,Bremen-Mitte,Häfen
Almbergstr.,94158,Annathaler Wald,09272451,,
Alpe Eck,87544,Ofterschwang,09780134,,
Alte Poststr.,54344,Trier,07211000,Ruwer-Eitelsbach,Ruwer
Alter Heerweg,53123,Alfter,05382004,Oedekoven,
Alter Höhenweg,72250,Bad Peterstal-Griesbach,08317008,,
Alter Mühlenweg,24811,Holzbunge,01058081,,
Alter See,71638,Kornwestheim,08118046,,
Am Armensee,24787,Rendsburg,01058135,Rendsburg-West,Rendsburg Südwest
Am Bergwerkswald,35392,Linden,06531012,,
Am Brackstock,24321,Blekendorf,01057007,,
Am Centwald,69259,Weinheim,08226096,Lützelsachsen,
Am Chiemseepark,83358,Chiemsee,09189451,,
Am Einsiedel,08134,Mülsen,14524200,,
Am Elbsee,87648,Ruderatshofen,09777167,,
Am Flugplatz,88046,Meckenbeuren,08435035,,
Am Ginsterhahn,53562,Dattenberg,07138009,,
Am Heegwald,61381,Rosbach vor der Höhe,06440023,Rodheim vor der Höhe,
Am Heideeck,21509,Oststeinbek,01062053,,
Am Kreuzbach,55411,Weiler bei Bingen,07339063,,
Am Küppeldamm,61250,Neu-Anspach,06434007,,
Am Moor,49453,Varrel,03251043,,
Am Nette-Gut,56575,Andernach,07137003,,
Am Postdamm,33397,Rheda-Wiedenbrück,05754028,,
Am Rönndeich,21706,Großenwörden,03359019,,
Am Sauerborn,61209,Wölfersheim,06440024,,
Am See,14789,Brandenburg an der Havel,12051000,Kirchmöser,
Am See,34431,Diemelsee,06635007,Heringhausen,
Am Seehaus,63857,Waldaschaffer Forst,09671460,,
Am Sommerberg,07318,Neuhaus am Rennweg,16072013,Lichte,
Am Sportplatz,01454,Dresden,14612000,Loschwitz,
Am Starkenbrunnen,66955,Münchweiler an der Rodalb,07340032,,
Am Turmweg,37351,Unstruttal,16064071,Dörna,
Am Weissen Berg,56112,Miellen,07141086,,
An den Havelbergen,17237,Wesenberg,13071159,,
An der Glentleiten,82439,Schlehdorf,09173142,,
An der Heide,97714,Poppenhausen,09678168,,
An der Heinzebank,09429,Pockau-Lengefeld,14521495,,
An der Loreley,56329,Urbar,07140155,,
Annaberger Str.,09477,Königswalde,14521340,,
Annabergstr.,67098,Kallstadt,07332028,,
Annaröder Str.,06343,Ahlsdorf,15087010,,
Aschenplatz,76596,Ottersweier,08216041,,
Asker Str.,58285,Hagen,05914000,,
Auf Zweikreuz,54666,Minden,07232082,,
August-Unterholzner-Str.,84543,Neuötting,09171125,,
Austpassage,89297,Stoffenrieder Forst,09775454,,
Austr.,79336,Kenzingen,08316020,,
Auweg,79761,Dogern,08337032,,
B 101,09603,Großschirma,14522210,,
B 103,16866,Gumtow,12070149,Schönebeck,
B 173,09599,Freiberg,14522180,,
B 173,09627,Bobritzsch-Hilbersdorf,14522035,Hilbersdorf,
B 236,58840,Plettenberg,05962052,,
B 242 - Parallelweg,37444,Harz (LK Goslar),03153504,,
B 249,37269,Eschwege,06636003,,
B 293,75045,Walzbachtal,08215089,,
B 297,72622,Nürtingen,08116049,,
B 455,61231,Bad Nauheim,06440002,Bad Nauheim,
B 462 Hördener Str.,76593,Gernsbach,08216017,,
B 54,44536,Lünen,05978024,,
B 54,44536,Lünen,05978024,,
B 61,31600,Uchte,03256033,,
B 88,07426,Königsee,16073112,Köditz,Oberköditz
B 96,15806,Zossen,12072477,Wünsdorf,
B 96,16775,Gransee,12065100,Altlüdersdorf,
B,22880,Wedel,01056050,,
B,22880,Wedel,01056050,,
B,23775,Großenbrode,01055017,,
B,23775,Großenbrode,01055017,,
B-Ebene,60329,Frankfurt am Main,06412000,Innenstadt 1,Bahnhofsviertel
B-Ebene,60329,Frankfurt am Main,06412000,Innenstadt 1,Gallus
B0,42799,Leichlingen,05378016,,
B104,23923,Selmsdorf,13074076,,
B12 Verteilerring,87600,Kaufbeuren,09762000,,
B15,92715,Püchersreuth,09374150,,
B156 (Nebenstrecke),01968,Senftenberg,12066304,Sedlitz,
B156 (Nebenstrecke),01983,Großräschen,12066112,Dörrwalde,
B156,02953,Gablenz,14626100,,
B175,04720,Döbeln,14522080,,
B192,17192,Torgelow am See,13071144,,
B236,44536,Lünen,05978024,,
B236,44536,Lünen,05978024,,
B27,97204,Höchberg,09679147,,
B428,55543,Bad Kreuznach,07133006,,
B460,64385,Reichelsheim (Odenwald),06437013,Ober-Ostern,
B460,64658,Fürth,06431007,,
B5,83730,Fischbachau,09182114,,
B51,27211,Bassum,03251007,Bassum,
B70,46325,Borken,05554012,,
B96 Umfahrung,03238,Massen-Niederlausitz,12062333,Massen,
Bachstückerweg,68782,Ketsch,08226037,,
Bahnhof Ürzig,54539,Kinheim,07231068,,
Bahnhofstr.,99988,Vogtei,16064075,Niederdorla,
Baisweiler Str.,87650,Pforzen,09777158,,
Bamberger Mühle,63831,Wiesener Forst,09671461,,
Barbara-Thein-Weg,97074,Randersacker,09679175,,
Bargholz,25563,Mönkloh,01060056,,
Barther Str.,18317,Barth,13073009,,
Beamtenlaufbahn,22846,Norderstedt,01060063,,
Beamtenlaufbahn,24103,Kiel,01002000,,
Beamtenlaufbahn,59494,Soest,05974040,,
Beluga-Dreieck,29471,Gartow,03354501,,
Berneck,73312,Deggingen,08117014,,
Beutentalstr.,73547,Wäschenbeuren,08117053,,
Biebermühle,66953,Donsieders,07340007,,
Bierstr.,94089,Pleckensteiner Wald,09272458,,
Bobbauer Str.,06779,Bitterfeld-Wolfen,15082015,Bobbau,
Bodelshofer Weg,73249,Wendlingen am Neckar,08116071,,
Bohlweg,37627,Eschershausen,03255013,,
Bolanderhof,67292,Bolanden,07333010,,
Borsbergstr.,01796,Dresden,14612000,Loschwitz,
Bowiesen,97957,Igersheim,08128058,Bernsfelden,
Breddorfer Moor,27726,Breddorf,03357007,,
Breitenfürster Weg,73642,Plüderhausen,08119055,,
Brenneckenbrück,38518,Müden (Aller),03151018,,
Brückenstr.,08491,Reichenbach,14523340,Mylau,
Brückla,07958,Zeulenroda-Triebes,16076087,,
Brüggefelder Str.,34385,Bodenfelde,03155002,,
Brüggefelder Str.,37194,Solling,03155501,,
Brüggefelder Str.,37697,Solling,03155501,,
Bubenhofer Tal,72348,Geislingen,08417022,Binsdorf,
Buchenstr.,09627,Freiberg,14522180,,
Bösby,24354,Holzdorf,01058082,,
Böttgerstr.,65439,Hochheim,06436006,Hochheim,
Büchenberg,32469,Rehburg-Loccum,03256025,Loccum,
Bühlerzimmern,74523,Braunsbach,08127009,,
C,22880,Wedel,01056050,,
C,23775,Großenbrode,01055017,,
Campingplatz Schwarzhorn,15864,Reichenwalde,12067413,Dahmsdorf,
Carl-von-Linde-Str.,86551,Dasing,09771122,,
Crimla,07557,Crimla,16076014,,
D,22880,Wedel,01056050,,
D,23775,Großenbrode,01055017,,
Daimlerstr.,31867,Apelern,03257002,,
Dampfersteg Schondorf,86938,Ammersee,09181451,,
Dampfersteg Seeshaupt,82402,Starnberger See,09188451,,
Dampfersteg Tutzing,82327,Starnberger See,09188451,,
Darmstädter Landstr.,63263,Frankfurt am Main,06412000,Süd,Sachsenhausen Süd
Deelweg,31073,Wenzen,03255508,,
Deichstr.,39539,Werben (Elbe),15090610,,
Diedenberg,57548,Friesenhagen,07132037,,
Dieselstr.,42389,Schwelm,05954024,,
Doggenriedstr.,88250,Baienfurt,08436011,,
Donauwörther Str.,86405,Westendorf,09772217,,
Dorfstr. Tarnewitzerhagen,23946,Klütz,13074039,,
Dorfstr.,02829,Königshain,14626240,,
Dorfstr.,03246,Massen-Niederlausitz,12062333,Babben,
Dorfstr.,04895,Bad Liebenwerda,12062024,Burxdorf,
Dorfstr.,07613,Walpernhain,16074106,,
Dorfstr.,07616,Nausnitz,16074061,,
Dorfstr.,07616,Poxdorf,16074068,,
Dorfstr.,07619,Mertendorf,16074055,,
Dorfstr.,07646,Bremsnitz,16074007,,
Dorfstr.,07646,Geisenhain,16074022,,
Dorfstr.,07646,Großbockedra,16074029,,
Dorfstr.,07646,Karlsdorf,16074045,,
Dorfstr.,07646,Kleinbockedra,16074046,,
Dorfstr.,07646,Meusebach,16074056,,
Dorfstr.,07646,Rattelsdorf,16074071,,
Dorfstr.,07646,Scheiditz,16074082,,
Dorfstr.,07646,Tautendorf,16074097,,
Dorfstr.,07646,Tissa,16074101,,
Dorfstr.,07768,Eichenberg,16074016,,
Dorfstr.,07768,Freienorla,16074021,,
Dorfstr.,07768,Kleineutersdorf,16074048,,
Dorfstr.,07774,Thierschneck,16074099,,
Dorfstr.,17111,Hohenbollentin,13071064,,
Dorfstr.,17153,Bredenfelde,13071015,,
Dorfstr.,17153,Grammentin,13071048,,
Dorfstr.,17337,Groß Luckow,13075042,,
Dorfstr.,17349,Voigtsdorf,13071153,,
Dorfstr.,17391,Iven,13075053,,
Dorfstr.,18195,Nustrow,13072076,,
Dorfstr.,19357,Brunow,13076021,,
Dorfstr.,23845,Dreggers,01060018,,
Dorfstr.,25524,Kollmoor,01061053,,
Dorfstr.,25557,Bornholt,01058025,,
Dorfstr.,25876,Süderhöft,01054130,,
Dorfstr.,54597,Kinzenburg,07232249,,
Dorfstr.,54597,Merlscheid,07232270,,
Dorfstr.,54619,Herzfeld,07232240,,
Dorfstr.,54619,Reiff,07232297,,
Dorfstr.,54619,Roscheid,07232301,,
Dorfstr.,54646,Burg,07232022,,
Dorfstr.,54646,Niehl,07232094,,
Dorfstr.,54646,Wettlingen,07232133,,
Dorfstr.,54649,Eilscheid,07232217,,
Dorfstr.,54649,Hargarten,07232233,,
Dorfstr.,54649,Manderscheid,07232264,,
Dorfstr.,54649,Mauel,07232267,,
Dorfstr.,54649,Pintesfeld,07232291,,
Dorfstr.,54655,Zendscheid,07232331,,
Dorfstr.,54668,Kaschenbach,07232065,,
Dorfstr.,54673,Gemünd,07232041,,
Dorfstr.,54673,Herbstmühle,07232049,,
Dorfstr.,54673,Hütten,07232056,,
Dorfstr.,54673,Muxerath,07232084,,
Dorfstr.,54673,Scheitenkorb,07232116,,
Dorfstr.,54673,Sevenig bei Neuerburg,07232121,,
Dorfstr.,54675,Ammeldingen an der Our,07232004,,
Dorfstr.,54675,Niederraden,07232090,,
Dorfstr.,54689,Affler,07232001,,
Dorfstr.,55624,Schwerbach,07134079,,
Dorfstr.,56864,Hontheim,07231057,,
Dorfstr.,57612,Volkerzen,07132110,,
Dorfstr.,98530,Grub,16069017,,
Dorfstr.,98553,Eichenberg,16069011,,
Dorfstr.,98663,Schweickershausen,16069046,,
Dorfstr.,99441,Lehnstedt,16071049,,
Dorfstr.,99510,Obertrebra,16071069,,
Dorfstr.,99518,Eberstedt,16071015,,
Dorfstr.,99638,Büchel,16068005,,
Dorfstr.,99718,Niederbösa,16065048,,
Dr.-Frössel-Allee,37412,Harz (Landkreis Göttingen),03159501,,
Dreifaltigkeitsberg,84164,Weng,09274188,,
Drögen-Hasen-Weg,26129,Bad Zwischenahn,03451002,,
Duten,24782,Alt Duvenstedt,01058003,,
Dürkheimer Weg,67098,Wachenheim an der Weinstraße,07332046,,
E 6,29386,Obernholz,03151019,,
E,22880,Wedel,01056050,,
E,23775,Großenbrode,01055017,,
E,47533,Kleve,05154036,,
E- Wiese,56070,Koblenz,07111000,,
E-Flügel,01737,Tharandt,14628400,,
E-Flügel,09623,Rechenberg-Bienenmühle,14522470,,
E0,65197,Wiesbaden,06414000,Klarenthal,
Eckernförder Str.,24161,Kiel,01002000,,
Eckernkamp,32049,Vlotho,05758036,,
Ehem. Botanischer Garten / Aschenberg,39418,Staßfurt,15089310,Staßfurt,
Ehem. Chausseehaus,39439,Güsten,15089165,Amesdorf,
Ehem. Deponie Hympendahl,44263,Dortmund,05913000,Hörde,
Ehem. Deponie Hühnerheide,46147,Oberhausen,05119000,Sterkrade,
Ehem. Gutspark Gnewitz,18195,Gnewitz,13072034,,
Ehem. Gutspark,18195,Stubbendorf,13072102,,
Ehem. Kirche Allenspach,78583,Böttingen,08327006,,
Ehem. Lessingstr.,90587,Veitsbronn,09573130,,
Ehem. Naturbad Biebertal,58710,Menden (Sauerland),05962040,,
Ehem. Obereichsfelder Kleinbahn Silberhausen - Hüpstedt,37351,Dingelstädt,16061118,Hüpstedt,
Ehem. Pfarrhof-Garten,89359,Kötz,09774148,,
Ehemalige 20.000 Kilo Waage,42651,Solingen,05122000,,
Ehemalige Auslagergasse,60594,Frankfurt am Main,06412000,Süd,Sachsenhausen Nord
Ehemalige Bullenmastanlage,04874,Belgern,14730045,Belgern,
Ehemalige Hainer Gasse,60594,Frankfurt am Main,06412000,Süd,Sachsenhausen Nord
Ehemalige Hülbe,73312,Geislingen an der Steige,08117024,Aufhausen,
Ehemalige L 1103,74348,Lauffen am Neckar,08125056,,
Ehemalige Panzerstr. Weltkrieg II,88364,Wolfegg,08436085,,
Ehemalige Reichsautobahn,66877,Ramstein-Miesenbach,07335038,,
Ehemalige Schmalspurbahn Thum-Schönfeld/Wiesa,09468,Geyer,14521210,,
Ehemalige WÜ33,97256,Geroldshausen,09679137,,
Ehemalige Zeche Königsborn Schachtanlage 3/4,59199,Bönen,05978008,,
Ehemaliger Appellplatz,21039,Hamburg,02000000,Bergedorf,Neuengamme
Ehemaliger Botanischer Garten,66123,Saarbrücken,10041100,Bezirk Mitte,St. Johann
Ehemaliger Brauereisee,97464,Niederwerrn,09678160,,
Ehemaliger Feuerwehrteich,38889,Blankenburg,15085055,Heimburg,
Ehemaliger Frankenhofgang,60594,Frankfurt am Main,06412000,Süd,Sachsenhausen Nord
Ehemaliger Friedhof,55126,Mainz,07315000,Finthen,
Ehemaliger Haustierpark Lelkendorf,17168,Lelkendorf,13072066,,
Ehemaliger Kath. Friedhof Milspe,58256,Ennepetal,05954008,,
Ehemaliger Kirchhof,61440,Oberursel (Taunus),06434008,Weißkirchen,
Ehemaliger Pfarrgarten,56820,Mesenich,07135060,,
Ehemaliger Reitplatz,91052,Erlangen,09562000,,
Ehemaliger Spielplatz,35274,Kirchhain,06534011,Kirchhain,
Ehemaliger Weg nach Preensberg,23992,Züsow,13074091,,
Ehemaliger landwirtschaftlicher Flugplatz.,03130,Felixsee,12071074,Reuthen,
Ehemaliges Freibad Bad Wurzach,88410,Bad Wurzach,08436010,,
Ehemaliges Gartenschaugelände,72160,Horb am Neckar,08237040,,
Ehemaliges Kloster Obermarchtal,89611,Obermarchtal,08425090,,
Ehemaliges Zementwerk,38364,Schöningen,03154019,,
Ehlenbrucher Str.,32791,Leopoldshöhe,05766048,Greste,
Eichelsbacher Mühle,66954,Vinningen,07340053,,
Eisenbergstr.,36275,Neuenstein,06632014,Salzberg,
Elisabethgroden,26409,Wangerland,03455020,,
Elly-Beinhorn-Str.,65824,Eschborn,06436003,,
Elmautostr.,38170,Voigtsdahlum,03158503,,
Elmenhorster Str.,23869,Bargfeld-Stegen,01062005,,
Emmendinger Str.,79331,Emmendingen,08316011,Mundingen,
Endertstr.,56812,Greimersburg,07135036,,
Erdlinsbach,77761,Wolfach,08317145,,
Erlenweg,56130,Eitelborn,07143013,,
Eschenbacher Str.,73037,Heiningen,08117030,,
Eslingholz,24891,Mohrkirch,01059060,,
F - Flügel,01737,Tharandt,14628400,,
F 1 Freifläche,60327,Frankfurt am Main,06412000,Innenstadt 2,Westend Süd
F,22880,Wedel,01056050,,
F,23775,Großenbrode,01055017,,
Fahrenbacher Str.,95632,Tröstauer Forst-Ost,09479459,,
Felsbergerhof,67806,Imsweiler,07333034,,
Fercher Str.,14548,Werder (Havel),12069656,Petzow,
Ferchesarer Str.,14712,Stechow-Ferchesar,12063293,Stechow,
Ferienpark Wingertsberg,56754,Kollig,07137053,,
Flughafenstr.,18356,Divitz-Spoldershagen,13073018,,
Flughafenstr.,30669,Langenhagen,03241010,Godshorn,
Flughafenstr.,86169,Affing,09771112,,
Forstenrieder Allee,81476,Forstenrieder Park,09184452,,
Forstweg,09633,Tharandt,14628400,,
Fraulund,24405,Saustrup,01059072,,
Frechener Str.,50226,Hürth,05362028,,
Friedensallee,63263,Frankfurt am Main,06412000,Süd,Sachsenhausen Süd
Friesoyther Str.,49681,Molbergen,03453012,,
Fuchswaldstr.,79674,Schönau im Schwarzwald,08336079,,
Fuchsweg,14548,Potsdam,12054000,Golm,
Fähre-Süd,25572,Burg (Dithmarschen),01051016,,
G,22880,Wedel,01056050,,
G,93133,Burglengenfeld,09376119,,
Gabermühle,91077,Kalchreuth,09572137,,
Gablenzer Str.,08393,Crimmitschau,14524030,Gablenz,
Galileostr.,82234,Gauting,09188120,,
Garten der Sinne,71636,Kornwestheim,08118046,,
Geislinger Weg,73345,Bad Ditzenbach,08117006,,
Gemeindekern,54689,Kickeshausen,07232248,,
Giebelstr.,38470,Giebel,03151501,,
Gieselbachstr.,77866,Kehl,08317057,Leutesheim,
Gifizenmoos,78713,Dunningen,08325014,,
Glauchauer Str.,09350,St. Egidien,14524280,,
Gottlieb-Daimler-Str.,53520,Herresbach,07137035,,
Gottsbürener Str.,34388,Wesertal,06633030,Gewissenruh,
Grabenstoffl,83626,Weyarn,09182137,,
Graupsäge,94568,Neuschönau,09272146,,
Gravenbruchring,63263,Frankfurt am Main,06412000,Süd,Sachsenhausen Süd
Griesberg,86497,Diedorf,09772130,,
Große Gallusstr.,60315,Frankfurt am Main,06412000,Innenstadt 1,Innenstadt
Gründlachbrücke,90562,Neunhofer Forst,09572460,,
Grüner Wald,09573,Grünhainichen,14521270,,
Grünhufer Bogen,18437,Kramerhof,13073046,,
Gut Horn,83329,Kirchanschöring,09189127,,
H,22880,Wedel,01056050,,
H13,52428,Jülich,05358024,,
H760 (Kantine Süd) Terrasse,65929,Frankfurt am Main,06412000,West,Schwanheim
Hafenlohrtalstr.,97840,Fürstlich Löwenstein'scher Park,09677456,,
Hahnenkrug,24884,Lottorf,01059056,,
Hahner Str.,52076,Stolberg,05334032,,
Hallershof,91238,Engelthaler Forst,09574453,,
Hauptsmoorstr.,96129,Hauptsmoor,09471455,,
Hauptstr.,23627,Lübeck,01003000,Sankt Jürgen,Strecknitz
Hauptstr.,27324,Schweringen,03256028,,
Hauptstr.,55566,Rehbach,07133082,,
Hauptstr.,76461,Ötigheim,08216039,,
Heidestr.,42579,Velbert,05158032,Velbert-Mitte,
Heidwinkel,38368,Mariental,03154504,,
Heikendorfer Weg,24232,Heikendorf,01057025,,
Heimatsgrund,36448,Barchfeld-Immelborn,16063004,,
Heimbergstr.,47228,Moers,05170024,,
Heinrichsthaler Str.,97833,Heinrichsthaler Forst,09671453,,
Hemmendorfer Str.,04613,Groitzsch,14729170,,
Hermannsthal,95460,Bindlach,09472119,,
Heroldsberger Mühlweg,91207,Günthersbühler Forst,09574457,,
Herrenkopfbrücke,77977,Rheinau,08317971,,
Herrschaftssteige,75385,Calw,08235085,Stammheim,
Heubergerhof,67292,Bischheim,07333007,,
Hinterdeich,21635,Neuenkirchen,03359033,,
Hinterziegelhalden,74545,Waldenburg,08126085,,
Hirschfeld,07554,Hirschfeld,16076028,,
Hirschgasse,73566,Essingen,08136021,,
Hochstr.,94146,Schlichtenberger Wald,09272460,,
Hochstr.,97785,Forst Aura,09677453,,
Hochstr.,97791,Forst Aura,09677453,,
Hochstr.,97799,Roßbacher Forst,09672466,,
Hochstr.r Alm,83101,Raubling,09187165,,
Hochwaldstr.,78628,Villingendorf,08325060,,
Hofgut Wildenstein,78652,Zimmern ob Rottweil,08325069,Horgen,
Hofstr.,67822,Sankt Alban,07333066,,
Hohe Str.,96157,Koppenwinder Forst,09471456,,
Hohenfelde,22946,Hohenfelde,01062033,,
Hohwaldstr.,75177,Neulingen,08236073,,
Holzhäuser,94086,Haarbach,09275125,,
Hufeisenstr.,63599,Linsengericht,06435018,Großenhausen,
Hummelberg,91807,Mörnsheim,09176148,,
Hummelshalden,73550,Schwäbisch Gmünd,08136065,Straßdorf,
Hummelsteert,25554,Brokdorf,01061018,,
Höhenstr.,56567,Leutesdorf,07138038,,
Höhenweg,88718,Meersburg,08435036,,
Höhnisch,72144,Nehren,08416026,,
Illenbach,77855,Sasbach,08317116,Obersasbach,
Illertisser Str.,89257,Auwald,09775451,,
Illmitzer Str.,72124,Reutlingen,08415061,Sickenhausen,
Im Bollwerk,45711,Oer-Erkenschwick,05562028,,
Im Bulach,73035,Uhingen,08117051,,
Im Dinkholder,56340,Braubach,07141501,,
Im Eschert,47877,Mönchengladbach,05116000,Ost,Flughafen
Im Gries,84524,Altötting,09171111,,
Im Hengstrain,72138,Kusterdingen,08416023,,
Im Herrschaftsland,66287,Merchweiler,10043113,Merchweiler,
Im Interkom,75365,Oberreichenbach,08235055,,
Im Mühltal,56338,Lahnstein,07141075,,
Im Rollsbachtal,56253,Müden (Mosel),07135066,,
Im Rummeldsbruch,32339,Preußisch Oldendorf,05770036,,
Im Sayntal,56170,Neuwied,07138045,,
Im Wöhr,76437,Muggensturm,08216033,,
In den Langen,69493,Schriesheim,08226082,,
Industriegebiet Scheid,56651,Gönnersdorf,07131025,,
Industriestr.,56335,Simmern,07143071,,
J,22880,Wedel,01056050,,
Jahnstr.,95686,Fichtelberg,09472453,,
Jebensweg,23758,Damlos,01055011,,
Jägerweg,83250,Grassau,09189120,,
K,22880,Wedel,01056050,,
Kaliwerk,06571,Querfurt,15088305,,
Kalkweg,04680,Bad Lausick,14729010,,
Kaltenwanghof,73235,Gruibingen,08117028,,
Kampenredder,24363,Haby,01058069,,
Kampweg,24992,Sollerup,01059162,,
Kapiteltal,67657,Mehlingen,07335026,,
Kasselburger Weg,54568,Pelm,07233056,,
Katharinenhof,71570,Backnang,08119008,Strümpfelbach,
Keller,25557,Aasbüttel,01061001,,
Kinderdorfstr.,85072,Schernfeld,09176160,,
Kirchfeldstr.,85368,Langenpreising,09177126,,
Klein Denkter Weg,38300,Denkte,03158008,,
Kleinkoogsdeich,25899,Emmelsbüll-Horsbüll,01054166,,
Knöll,24819,Beringstedt,01058015,,
Kohlenstr.,08115,Zwickau,14524330,Zwickau-West,Geb. Reichenb. Str./Freiheitssiedlung
Kraggenauer Weg,82442,Bad Kohlgrub,09180112,,
Krautenberg,87724,Markt Rettenbach,09778168,,
Kreuzallee,04654,Langenleuba-Niederhain,16077023,,
Kreuzbruderweg,53577,Asbach,07138003,,
Kriegsmühle,69151,Bammental,08226006,,
Kulturwehrzufahrt,77694,Willstätt,08317141,,
Kurpark,83256,Seeon-Seebruck,09189143,,
Köhner Brücke,24257,Giekau,01057021,,
L 108,56761,Zettingen,07135093,,
L 117n,41836,Hückelhoven,05370020,,
L 126n,06886,Wittenberg,15091375,Wittenberg,
L 257,53547,Hausen (Wied),07138007,,
L 3070,36304,Alsfeld,06535001,Angenrod,
L 3114,64354,Reinheim,06432019,Spachbrücken,
L 3125,35466,Rabenau,06531015,Rüddingshausen,
L 321,56459,Berzhahn,07143209,,
L 34,54655,Malbergweich,07232076,,
L 392,67722,Schweisweiler,07333069,,
L 429,55291,Saulheim,07331058,,
L 487,66999,Hinterweidenthal,07340020,,
L 5,54614,Schönecken,07232304,,
L 71,15936,Dahme/Mark,12072053,Dahme/Mark,
L,22880,Wedel,01056050,,
L1100,71642,Ludwigsburg,08118048,,
L1107,74369,Löchgau,08118047,,
L1119,71566,Althütte,08119004,,
L1214,73119,Zell unter Aichelberg,08117060,,
L13,68161,Mannheim,08222000,Innenstadt/Jungbusch,Innenstadt
L134,66625,Nohfelden,10046114,Selbach,
L151,79733,Görwihl,08337038,,
L151,79737,Herrischried,08337049,,
L17,53949,Dahlem,05366012,,
L177,78126,Königsfeld im Schwarzwald,08326031,Buchenberg,
L200,88633,Heiligenberg,08435020,,
L216,23758,Wangels,01055043,,
L220,78467,Konstanz,08335043,,
L232,21368,Dahlenburg,03355013,,
L281,53332,Bornheim,05382012,Roisdorf,
L414,58256,Ennepetal,05954008,,
L509,76877,Offenbach an der Queich,07337061,,
L539,58540,Meinerzhagen,05962036,,
L614,32676,Lügde,05766052,,
L649 Steinsweg,44227,Dortmund,05913000,Hombruch,
L73,53520,Schuld,07131074,,
L82,56294,Münstermaifeld,07137501,,
L886,32816,Schieder-Schwalenberg,05766060,,
Lachenmättle,79418,Neuenburg am Rhein,08315076,Steinenstadt,
Ladestr.,56203,Alsbach,07143001,,
Lahnstr.,56377,Dörnberg,07141030,,
Landturm,74532,Wolpertshausen,08127099,,
Lange Str.,49832,Langen,03454028,,
Langenau,95179,Geroldsgrüner Forst,09475453,,
Langenhorst,24214,Felm,01058051,,
Lehrpfad Eiszeit,16248,Lunow-Stolzenhagen,12060149,Stolzenhagen,
Lehrpfad Schwarzbachtal,01744,Dippoldiswalde,14628060,,
Lehrpfad,03058,Neuhausen/Spree,12071301,Frauendorf,
Lehrpfad,92249,Vilseck,09371156,,
Lehrpfad-Zauberwald,83486,Ramsau bei Berchtesgaden,09172129,,
Leinhäusle,73568,Spraitbach,08136066,,
Leipziger Str.,04571,Borna,14729050,,
Leopold-Peitz-Allee,72813,Eningen unter Achalm,08415019,,
Lerchenweg,55232,Gau-Heppenheim,07331031,,
Limbacher Weg - Multiweg Höhgewann,74722,Buchen (Odenwald),08225014,Einbach,
Lindenbergstr.,79271,Stegen,08315109,Eschbach,
Lindenhorst,16818,Nauen,12063208,Tietzow,
Linienstr.,82041,Grünwalder Forst,09184454,,
Linienstr.,82064,Oberhaching,09184134,,
Lohbauerstr.,88316,Maierhöfen,09776118,,
Lohgrund,37170,Solling,03155501,,
Lopau,29565,Munster,03358016,,
Lotsengarten,24404,Kappeln,01059045,,
Lotsenstation,24768,Schülp bei Rendsburg,01058148,,
Ludwigshöhe,90607,Rückersdorfer Forst,09574462,,
Ludwigstr.,77781,Seelbach,08317127,,
Luhnvie,24816,Hörsten,01058075,,
Lübecker Str.,23911,Ratzeburg,01053100,,
M,22880,Wedel,01056050,,
M,23775,Großenbrode,01055017,,
Malmsheimer Str.,71263,Renningen,08115041,,
Manchinger Str.,85053,Manching,09186137,,
Martin-Roth-Brücke,64589,Riedstadt,06433011,,
Martinlamitzer Weg,95100,Martinlamitzer Forst Nord,09475454,,
Max-Immelmann-Allee,79427,Neuenburg am Rhein,08315076,Grißheim,
Menglersche Weg,36219,Nentershausen,06632013,Mönchhosbach,
Mittelgrundweg,76776,Hagenbach,07334008,,
Montforterhof,67826,Duchroth,07133027,,
Moritzburger Str.,01640,Weinböhla,14627310,,
Mühlenbecker Weg,16515,Hohen Neuendorf,12065144,Borgsdorf,
Mühlenstr.,24977,Dollerup,01059106,,
Mühlenthal,57587,Hövels,07132054,,
Mühlweg,55270,Nieder-Olm,07339042,,
N,22880,Wedel,01056050,,
NRW-Nordpunkt,49419,Rahden,05770040,,
Nastätter Str.,56355,Miehlen,07141085,,
Naturbadstr.,91096,Mark,09572459,,
Neu Golmer Weg,15517,Bad Saarow,12067024,Petersdorf,
Neue Mühle,21514,Schulendorf,01053115,,
Neuheede Siedlung,26906,Heede,03454020,,
Neuseegalendorf,23779,Gremersdorf,01055015,,
Nikola-Tesla-Str.,77972,Ettenheim,08317026,,
Nordergeilwang,24896,Ahrenviölfeld,01054004,,
Nostitz,02627,Löbau,14626290,,
Näherhofstr.,73054,Süßen,08117049,,
Nördlinger Str.,91634,Mönchsroth,09571179,,
O,22880,Wedel,01056050,,
Oberbildstein,79837,Dachsberg (Südschwarzwald),08337027,,
Obere Flandersbach,42579,Wülfrath,05158036,,
Obere Rauhmühle,71111,Schönaich,08115044,,
Oberhausener Str.,40472,Ratingen,05158028,West,West
Oberkager,93077,Teugn,09273175,,
Oberkatzensteig,78141,Furtwangen im Schwarzwald,08326017,,
Obermoldauer Str.,94158,Philippsreuter Wald,09272457,,
Obernkirchener Str.,31707,Ahnsen,03257001,,
Obersiegenbühl,73453,Hüttlingen,08136033,,
Obersten Wehr,25572,Bokhorst,01061014,,
Ochsenschüttstr.,85053,Großmehring,09176129,,
Ohmsmühle,38368,Bahrdorf,03154001,,
Ortsstr.,07381,Moxa,16075069,,
Ortsstr.,07381,Oberoppurg,16075075,,
Ortsstr.,07381,Paska,16075079,,
Ortsstr.,07381,Solkwitz,16075105,,
Ortsstr.,07389,Gertewitz,16075031,,
Ortsstr.,07389,Keila,16075047,,
Ortsstr.,07389,Quaschwitz,16075087,,
Ortsstr.,07429,Rohrbach,16073074,,
Ortsstr.,07806,Lausnitz,16075056,,
Ortsstr.,07919,Kirschkau,16075048,,
Ortsstr.,54426,Merschbach,07231083,,
Ortsstr.,54662,Philippsheim,07232104,,
Ortsstr.,64395,Groß-Bieberau,06432009,,
Ortsstr.,98744,Meura,16073055,,
Ottenbacher Str.,73037,Ottenbach,08117037,,
Panoramastr.,95493,Bischofsgrüner Forst,09472451,,
Paradies,06449,Alsleben,15089005,Alsleben,
Pater-Damian-Str.,56379,Seelbach,07141128,,
Peddenöde,58256,Breckerfeld,05954004,,
Pfarrsteig,25869,Gröde,01054039,,
Pfeilhalde,73529,Waldstetten,08136079,,
Pfrentschweiher,92693,Waidhaus,09374164,,
Platte,79271,Simonswald,08316042,,
Plirup,24808,Westerrönfeld,01058172,,
Plotzsägmühlstr.,76332,Loffenau,08216029,,
Polcherholz,56761,Monreal,07137074,,
Porschestr.,71088,Weil im Schönbuch,08115051,,
Potsdamer Str.,14480,Stahnsdorf,12069604,Stahnsdorf,
Prötze,16559,Schorfheide,12060198,Schluft,
Puckholt,24354,Gammelby,01058057,,
Pählbrücke,14778,Brandenburg an der Havel,12051000,,
Rader Insel,24794,Schacht-Audorf,01058140,,
Rattenhau,74232,Untergruppenbach,08125098,,
Rechenberger Str.,74579,Jagstzell,08136035,,
Reichenbachstr.,71111,Filderstadt,08116077,,
Reichengrundstr.,97859,Partensteiner Forst,09677461,,
Reinhard-Mohn-Str.,33333,Gütersloh,05754008,,
Reinshof,37083,Friedland,03159013,Niedernjesa,
Riederwies,87629,Hopferau,09777135,,
Riesaer Str.,01612,Zeithain,14627360,,
Rispel,26409,Friedeburg,03462005,,
Rohrwiesenweg,74226,Brackenheim,08125013,,
Rotwasser,79868,Hinterzarten,08315052,,
Rudelsweiherstr.,91054,Bubenreuth,09572119,,
Rudolf-Diesel-Str.,97232,Reichenberg,09679176,,
Rudolf-Hell-Str.,77955,Mahlberg,08317073,,
Rupbachtalstr.,56379,Gutenacker,07141050,,
Röderhof,67725,Imsbach,07333033,,
Rögener Weg,24360,Gammelby,01058057,,
Röthwiesen,91367,Gräfenberg,09474132,,
Saalestr.,97618,Steinacher Forst rechts der Saale,09673456,,
Salzforststr.,97657,Forst Schmalwasser-Süd,09673454,,
Salzforststr.,97659,Burgwallbacher Forst,09673452,,
Sankt Ludwig,97509,Wipfeld,09678196,,
Sassenhof,92681,Krummennaab,09377132,,
Sattelmühle,67468,Esthal,07332016,,
Sauersmühle,56754,Pillig,07137087,,
Schalbruch,40721,Düsseldorf,05111000,Stadtbezirk 8,Unterbach
Scharrhof,66851,Gerhardsbrunn,07335011,,
Schießhof,74639,Forchtenberg,08126028,Sindringen,
Schilpenbühl,73577,Spraitbach,08136066,,
Schorn,72250,Dornstetten,08237019,Aach,
Schulstr.,74391,Bönnigheim,08118010,,
Schunterquelle,38154,Brunsleberfeld,03154501,,
Schwaara,07554,Schwaara,16076067,,
Schwanstetter Str.,90530,Forst Kleinschwarzenlohe,09576453,,
Schwarzbach,07589,Schwarzbach,16076068,,
Schwarzenbeker Landstr.,21465,Börnsen,01053012,,
Schwend,77876,Oberkirch,08317089,Ringelbach,
Schwende,79853,Schluchsee,08315102,,
Schönefelder Weg,42111,Wülfrath,05158036,,
Sebastianstr.,53572,Erpel,07138019,,
Seekante,56727,Kottenheim,07137055,,
Seestr.,83209,Chiemsee,09189451,,
Sendelbachstr.,77794,Oppenau,08317098,,
Sickeroder Dorfstr.,37308,Sickerode,16061086,,
Siedlung Maiermund,56850,Briedel,07135013,,
Sieker Berg,22962,Hoisdorf,01062035,,
Sixenhof,73563,Essingen,08136021,,
Skyline-Park-Str.,86871,Bad Wörishofen,09778116,,
Stadel,79677,Häg-Ehrsberg,08336106,,
Stadtbeker Str.,24326,Bosau,01055007,,
Standorf,97990,Creglingen,08128020,Niederrimbach,
Stiti,77815,Ottersweier,08216041,,
Strandweg,83256,Chiemsee,09189451,,
Ständenhof,66981,Ruppertsweiler,07340040,,
Stüterhof,67661,Waldleiningen,07335048,,
Sulzbacher Str.,71560,Oppenweiler,08119053,,
Süder Weg,25842,Enge-Sande,01054167,,
Südschnellweg (Behelfsbrücke),30519,Hannover,03241001,Döhren-Wülfel,Döhren
Südschnellweg (Behelfsstrecke),30519,Hannover,03241001,Döhren-Wülfel,Döhren
Take-Off Gewerbepark,78579,Tuttlingen,08327050,Nendingen,
Talsperrenweg,58256,Hagen,05914000,,
Talstr.,67317,Neuleiningen,07332038,,
Tannengrundstr.,98701,Schleusegrund,16069042,,
Tannenhütte,34329,Gutsbezirk Kaufunger Wald,06636200,,
Taubensuhl,76857,Landau in der Pfalz,07313000,,
Teplitzer Str.,84539,Mühldorfer Hart,09183451,,
Teufelsbrücke,95488,Heinersreuther Forst,09472458,,
Tietlinger Lönsweg,29683,Walsrode,03358024,Honerdingen,
Torfgrube,73266,Lenningen,08116079,Schopfloch,
Torfstr.,08328,Hartmannsdorf bei Kirchberg,14524100,,
Tropical-Islands-Allee,15910,Halbe,12061216,Briesen,
Turmberg,91058,Forst Tennenlohe,09572455,,
Uferweg,03238,Lauchhammer,12066176,Grünewalde,
Untere Rauhmühle,71111,Steinenbronn,08115046,,
Untermühlstr.,73553,Welzheim,08119084,,
Unterrotenstein,78652,Rottweil,08325049,Hausen,
Untersiegenbühl,73434,Hüttlingen,08136033,,
Unterstmatt,77815,Sasbach,08317116,,
Venedig,16556,Birkenwerder,12065036,,
Verbindungsbauwerk 3,73349,Drackenstein,08117016,,
Vörbacher Weg,72178,Pfalzgrafenweiler,08237054,,
W,22880,Wedel,01056050,,
Waldhaus,99834,Bad Salzungen,16063003,Moorgrund,
Waldstr.,01609,Zeithain,14627360,,
Waldweg,02785,Oybin,14626430,,
Wassermühle,24861,Börm,01059009,,
Weibersbrunner Str.,63875,Waldaschaffer Forst,09671460,,
Weihererhof,83115,Raubling,09187165,,
Weihermühler Weg,66987,Herschberg,07340017,,
Weikertswiesenstr.,97843,Forst Lohrerstraße,09677454,,
Weinstr.,71364,Korb,08119041,,
Weitfelder Weg,89081,Elchingen,09775139,,
Weitfelder Weg,89081,Langenau,08425072,Albeck,
Wendloher Weg,22457,Bönningstedt,01056005,,
Werkshagener Str.,58515,Kierspe,05962028,,
Werkstr.,83064,Neubeuern,09187154,,
Wernerstr.,71691,Pleidelsheim,08118063,,
Westerburer Polder,26427,Dornum,03452027,,
Wieheholzer Weg,29614,Schneverdingen,03358019,Langeloh,
Wiesenauer Str.,30179,Langenhagen,03241010,Langenhagen (Kernstadt),Wiesenau
Willy-Brandt-Allee,55411,Grolsheim,07339022,,
Winet,83646,Gaißach,09173124,,
Wingerbach,77723,Berghaupten,08317009,,
Winnender Str.,73667,Welzheim,08119084,,
Winner Weg,61130,Niddatal,06440017,,
Wittgensdorfer Höhe,09228,Hartmannsdorf,14522260,,
Wupperhof,42659,Leichlingen,05378016,,
Würzburger Str.,91469,Langenzenn,09573120,,
Wüstenei,63791,Alzenau,09671111,,
X,48346,Ostbevern,05570032,,
X-1a,76187,Karlsruhe,08212000,,
X-1b,76187,Karlsruhe,08212000,,
X-1d,76187,Karlsruhe,08212000,,
X-2d,76187,Karlsruhe,08212000,,
X-2s,76187,Karlsruhe,08212000,,
X-4,76187,Karlsruhe,08212000,,
X-6b,76187,Karlsruhe,08212000,,
X-9,76187,Karlsruhe,08212000,,
XXL-Pausenhof,71672,Marbach am Neckar,08118049,,
Zetelermarsch,26452,Zetel,03455027,,
Zigeunerbrücke,95491,Creußen,09472127,,
Zittauer Str.,02796,Olbersdorf,14626400,,
Zollbergstr.,89165,Auwald,09775451,,
Zum Bad Anna,06311,Benndorf,15087045,,
Zum Bienenheim,90480,Zerzabelshofer Forst,09574465,,
Zum Fliegerhorst,63526,Bruchköbel,06435006,Bruchköbel,
Zum Forsthaus,15749,Groß Köris,12061192,,
Zum Haarstrauch,63546,Limeshain,06440014,Himbach,
Zum Hellbachtal,23879,Lehmrade,01053084,,
Zum Klinkerwerk,03205,Luckaitztal,12066202,Buchwäldchen,
Zur Carlsburg,57319,Battenberg (Eder),06635004,Dodenau,
Zur Hohen Linie,93055,Tegernheim,09375204,,
Zur Holstenau,25712,Holstenniendorf,01061043,,
Zwickmühle,36154,Neuhof,06631018,Giesel,
[3] Scheune mit Wasserkraftagrarmaschinen,09548,Seiffen/Erzgebirge,14521570,,
derzeit Baustr.,85386,Eching,09178120,,
ehem. Altrheinbahn,67575,Eich,07331018,,
ehem. Bahnstrecke Bad Langensalza–Haussömmern,99947,Tottleben,16064062,,
ehem. Bahnstrecke Bad Langensalza–Haussömmern,99955,Urleben,16064064,,
ehem. Bahnstrecke Buttstädt–Rastenberg,99628,Buttstädt,16068063,Hardisleben,
ehem. Bahnstrecke Gau Odernheim–Osthofen,67574,Osthofen,07331055,,
ehem. Barend. Weg,21403,Wendisch Evern,03355040,,
ehem. Botanischer Garten,26384,Wilhelmshaven,03405000,,
ehem. Caller Weg,59872,Meschede,05958032,,
ehem. Fort II,39118,Magdeburg,15003000,,
ehem. Friedhof Dückerstr.,45239,Essen,05113000,Stadtbezirk IX,Werden
ehem. Friedhof,17321,Löcknitz,13075079,,
ehem. Friedhof,41469,Neuss,05162024,,
ehem. Friedhof,91710,Gunzenhausen,09577136,,
ehem. Gera-Meuselwitz-Wuitzer Eisenbahn,07546,Gera,16052000,,
ehem. Gera-Meuselwitz-Wuitzer Eisenbahn,07554,Schwaara,16076067,,
ehem. Görlitzer Bahn,12435,Berlin,11000000,Treptow-Köpenick,Alt-Treptow
ehem. Görlitzer Tunnel,10997,Berlin,11000000,Friedrichshain-Kreuzberg,Kreuzberg
ehem. Görlitzer Tunnel,10999,Berlin,11000000,Friedrichshain-Kreuzberg,Kreuzberg
ehem. Holzmarkt,91781,Weißenburg in Bayern,09577177,,
ehem. Industriebahn der Nickelhütte St. Egidien,09337,Callenberg,14524020,Callenberg,
ehem. Kleinbahn Steinhelle–Medebach,59964,Medebach,05958028,,
ehem. Landschaftspark Schloss Putzar,17392,Boldekow,13075015,Putzar,
ehem. Mülhensbrücke,53639,Königswinter,05382024,,
ehem. NVA Grenzweg,98634,Oberweid,16066052,,
ehem. Oderbruchbahn,15328,Golzow,12064172,,
ehem. Oderbruchbahn,15328,Zechin,12064538,Friedrichsaue,
ehem. Panzerstr.,61169,Friedberg (Hessen),06440008,Ockstadt,
ehem. Pfarrgarten,70376,Stuttgart,08111000,Münster,Münster
ehem. Philippsburg,66399,Mandelbachtal,10045116,Ommersheim,
ehem. Primstalbahn,66620,Nonnweiler,10046115,Primstal,
ehem. Radweg R8 bis 12-2023,93161,Sinzing,09375199,,
ehem. Radweg bis 12-2023,93051,Regensburg,09362000,,
ehem. Raminer Gutspark,17321,Ramin,13075113,,
ehem. Reiterstellwerk,55411,Bingen am Rhein,07339005,,
ehem. Schlosspark Letzlingen,39638,Gardelegen,15081135,Letzlingen,
ehem. Schmalspurbahn Freital-Potschappel–Nossen,01723,Wilsdruff,14628410,,
ehem. Schmalspurbahn Freital-Potschappel–Nossen,09629,Reinsberg,14522480,,
ehem. Schmalspurbahn Klingenberg-Colmnitz–Frauenstein,01774,Klingenberg,14628205,Pretzschendorf,
ehem. Schmalspurbahn Klingenthal–Sachsenberg-Georgenthal,08248,Klingenthal,14523160,,
ehem. Schmalspurbahn Weimar–Rastenberg/Großrudestedt,99439,Am Ettersberg,16071102,,
ehem. Schmalspurbahn Weimar–Rastenberg/Großrudestedt,99439,Neumark,16071061,,
ehem. Schmalspurbahn Wilkau-Haßlau–Carlsfeld,08107,Hartmannsdorf bei Kirchberg,14524100,,
ehem. Schmalspurbahn Wilkau-Haßlau–Carlsfeld,08147,Crinitzberg,14524040,Bärenwalde,
ehem. Tierpark Seesen,38723,Seesen,03153012,,
ehem. Werratalbahn,99817,Eisenach,16063105,,
ehem. Werratalbahn,99830,Treffurt,16063076,,
ehem. Werratalbahn,99831,Amt Creuzburg,16063104,Frankenroda,
ehem. Werratalbahn,99831,Amt Creuzburg,16063104,Mihla,
ehem. Zeche Erin Schacht 3,44577,Castrop-Rauxel,05562004,,
ehem. Zeche Königsborn Schacht 1,59425,Unna,05978036,,
ehem. Zeche Victor Schacht 5,44579,Castrop-Rauxel,05562004,,
ehemalige Autobahnauffahrt,22145,Stapelfeld,01062071,,
ehemalige City-Passage,65183,Wiesbaden,06414000,Mitte,
ehemalige Härtsfeldbahnstrecke,89446,Ziertheim,09773186,,
ehemalige Kiesgrube,65931,Frankfurt am Main,06412000,West,Sindlingen
ehemalige Landstr.,34466,Wolfhagen,06633028,Istha,
ehemalige Moselbahn,54536,Kröv,07231072,,
ehemalige Moselbahn,54538,Kinheim,07231068,,
ehemalige Moselbahn,56841,Traben-Trarbach,07231124,,
ehemalige Panzerstr. Weltkrieg II,88364,Wolfegg,08436085,,
ehemalige Panzerstr.,88281,Schlier,08436069,,
ehemalige Südschleife,53520,Müllenbach,07131051,,
ehemalige Weinbergstr.,71397,Leutenbach,08119042,,
ehemalige Zugbrücke,79541,Lörrach,08336050,Haagen,
ehemaliger Bolzplatz,79102,Freiburg im Breisgau,08311000,,
ehemaliger Friedhof Hochemmerich,47228,Duisburg,05112000,Rheinhausen,
ehemaliger Friedhof,48341,Altenberge,05566004,,
ehemaliger Gertrudenfriedhof,18273,Güstrow,13072043,,
ehemaliger Grenzweg,29413,Diesdorf,15081105,Waddekath,
ehemaliger Grenzübergang Meiningen-Eußenhausen,98617,Meiningen,16066042,Henneberg,Henneberg
ehemaliger Gutspark,06193,Wettin-Löbejün,15088216,Dößel,
ehemaliger Kreuzweg,89284,Pfaffenhofen an der Roth,09775143,,
ehemaliger Krichsteig,09633,Halsbrücke,14522240,,
ehemaliger Park der Gebrüder Kraemer,66386,St. Ingbert,10045117,St. Ingbert,
ehemaliger Spielplatz Ilexweg,49808,Lingen (Ems),03454032,,
ehemaliger Tennisplatz,31162,Bad Salzdetfurth,03254005,,
ehemaliges Klärwerk,46117,Oberhausen,05119000,Alt-Oberhausen,
ehemaliges Schneider-Bad,94034,Passau,09262000,,
ehemaliges Schwertfegergäßchen,60311,Frankfurt am Main,06412000,Innenstadt 1,Altstadt
ehemals Kreuzweg Wesuwe,49733,Haren (Ems),03454018,,
eingezäunte Spielfläche,19230,Moraas,13076099,,
extreme uphill,78573,Wurmlingen,08327054,,
forstweg,18279,Lalendorf,13072063,,
fussweg-godewindpark,23570,Lübeck,01003000,Travemünde,Alt-Travemünde / Rönnau
g-Gestell,18375,Born a. Darß,13073012,,
geol. Freilichtmuseum,48455,Bad Bentheim,03456001,,
geologischer Lehrpfad,02625,Bautzen,14625020,,
gepflasterter Rundweg,19230,Moraas,13076099,,
gepflasterter Verbindungsweg,56472,Hahn bei Marienberg,07143231,,
geplante Grünbrücke,70736,Fellbach,08119020,,
gerade 26 - 40,92353,Postbauer-Heng,09373155,,
h-Gestell,18375,Born a. Darß,13073012,,
hinkelmichel,55263,Ingelheim am Rhein,07339030,Wackernheim,
hinter hinkelmichel,55263,Ingelheim am Rhein,07339030,Wackernheim,
no,08144,Hirschfeld,14524110,,
noch unbekannt,84048,Mainburg,09273147,,
noname=yes,67071,Ludwigshafen am Rhein,07314000,Ludwigshafen-Oggersheim,
privat Evangelische Pfarrgemeinde,64625,Bensheim,06431002,Bensheim,
private property,86399,Bobingen,09772125,,
privater Schulgarten,65933,Frankfurt am Main,06412000,West,Griesheim
ramp:wheelchair=yes,56154,Boppard,07140501,,
standstreifen,75031,Eppingen,08125026,Adelshofen,
umgestürzter Baumstamm,77866,Rheinau,08317153,Rheinbischofsheim,
Äußere Bayreuther Str.,90562,Erlenstegener Forst,09572454,,
Übergang 10,18374,Zingst,13073105,,
Übergang 11,18374,Zingst,13073105,,
Übergang 12,18374,Zingst,13073105,,
Übergang 13,18374,Zingst,13073105,,
Übergang 14,18374,Zingst,13073105,,
Übergang 15,18374,Zingst,13073105,,
Übergang 16,18374,Zingst,13073105,,
Übergang 17,18374,Zingst,13073105,,
Übergang 18,18374,Zingst,13073105,,
Übergang 19,18374,Zingst,13073105,,
Übergang 2,18374,Zingst,13073105,,
Übergang 20,18374,Zingst,13073105,,
Übergang 21,18374,Zingst,13073105,,
Übergang 22,18374,Zingst,13073105,,
Übergang 24,18374,Zingst,13073105,,
Übergang 25,18374,Zingst,13073105,,
Übergang 26,18374,Zingst,13073105,,
Übergang 27,18374,Zingst,13073105,,
Übergang 28,18374,Zingst,13073105,,
Übergang 29,18374,Zingst,13073105,,
Übergang 3,18374,Zingst,13073105,,
Übergang 30,18374,Zingst,13073105,,
Übergang 31,18374,Zingst,13073105,,
Übergang 32,18374,Zingst,13073105,,
Übergang 33,18374,Zingst,13073105,,
Übergang 33,18375,Prerow,13073067,,
Übergang 34,18375,Prerow,13073067,,
Übergang 35,18375,Prerow,13073067,,
Übergang 36,18375,Prerow,13073067,,
Übergang 37,18375,Prerow,13073067,,
Übergang 4,18374,Zingst,13073105,,
Übergang 4a,18374,Zingst,13073105,,
Übergang 5,18374,Zingst,13073105,,
Übergang 6,18374,Zingst,13073105,,
Übergang 7,18374,Zingst,13073105,,
Übergang 8,18374,Zingst,13073105,,
Übergang 9,18374,Zingst,13073105,,
Übergang Badestr.,31535,Neustadt am Rübenberge,03241012,,
Übergang Campingplatz–Weiße Düne,31535,Neustadt am Rübenberge,03241012,,
Übergang Hubertusstr.,31535,Neustadt am Rübenberge,03241012,,
Übergang S1/S2 zur U6,10117,Berlin,11000000,Mitte,Mitte
Übergang Strandhotel,31535,Neustadt am Rübenberge,03241012,,
Übergang Surfers Paradise,31535,Neustadt am Rübenberge,03241012,,
Übergang,13591,Berlin,11000000,Spandau,Staaken
Übergang,14482,Potsdam,12054000,,
ältester (ehemaliger) Friedhof Heidberge,48282,Emsdetten,05566008,,
öffentliche Grünfläche,84048,Mainburg,09273147,,
öffentlicher Parkplatz,86946,Vilgertshofen,09181133,,
